HP 92275A,
HP 92291A,
HP 92298A,
HP 92298X,
HP C3900A,
HP C3903A,
HP C3906A,
HP C3909A,
HP C4092A,
HP C4092A/EP-22 ОГ,
HP C4096A,
HP C4096A ОГ,
HP C4127A,
HP C4127X,
HP C4129X,
HP C4182X,
HP C4191A,
HP C4192A,
HP C4193A,
HP C4194A,
HP C4195A,
HP C7115A,
HP C7115A ОГ,
HP C7115X,
HP C7115X ОГ,
HP C8061A,
HP C8061X,
HP C8543X,
HP C8543X ОГ,
HP C92274A,
HP C9700A,
HP C9701A,
HP C9702A,
HP C9703A,
HP C9704A (Drum Kit),
HP C9730A,
HP C9730A ОГ,
HP C9731A,
HP C9731A ОГ,
HP C9732A,
HP C9732A ОГ,
HP C9733A,
HP C9733A ОГ,
HP CB380A,
HP CB381A,
HP CB382A,
HP CB383A,
HP CB390A,
HP CB400A,
HP CB401A,
HP CB402A,
HP CB403A,
HP CB435A,
HP CB435AD,
HP CB436A,
HP CB540A,
HP CB540AD (dual pack),
HP CB541A,
HP CB541A (ОГ),
HP CB542A,
HP CB542A (ОГ),
HP CB543A,
HP CB543A (ОГ),
HP CC364A,
HP CC364X,
HP CC530A,
HP CC530A (ОГ),
HP CC530AD (dual pack),
HP CC531A,
HP CC531A (ОГ),
HP CC532A,
HP CC532A (ОГ),
HP CC533A,
HP CC533A (ОГ),
HP CE250/1/2/3A комплект,
HP CE250A,
HP CE250A ОГ,
HP CE250X,
HP CE250X ОГ,
HP CE251A,
HP CE251A ОГ,
HP CE252A,
HP CE252A ОГ,
HP CE253A,
HP CE253A ОГ,
HP CE255A,
HP CE255X,
HP CE260X,
HP CE261A,
HP CE262A,
HP CE263A,
HP CE270A (650A),
HP CE271A (650A),
HP CE272A (650A),
HP CE273A (650A),
HP CE278A,
HP CE278A ОГ,
HP CE278AF,
HP CE285A,
HP CE285A (ОГ),
HP CE310A (126A),
HP CE310AD (126A),
HP CE311A (126A),
HP CE312A (126A),
HP CE313A (126A),
HP CE314A (126A),
HP CE320A,
HP CE320A (стартовый),
HP CE321A,
HP CE322A,
HP CE323A,
HP CE340A (№ 651A),
HP CE341A (№ 651A),
HP CE342A (№ 651A),
HP CE343A (№ 651A),
HP CE390A,
HP CE390X,
HP CE400A,
HP CE400X,
HP CE401A,
HP CE402A,
HP CE403A,
HP CE410A(№305A),
HP CE410X (№305X),
HP CE411A (№305A),
HP CE412A (№305A),
HP CE413A (№305A),
HP CE505A,
HP CE505X,
HP CE740A Восстановленный,
HP CE740A Китай,
HP CE741A Восстановленный,
HP CE741A Китай,
HP CE742A Восстановленный,
HP CE742A Китай,
HP CE743A Восстановленный,
HP CE743A Китай,
HP CF210A (131A),
HP CF210X (131X),
HP CF211A (131A),
HP CF212A (131A),
HP CF213A (131A),
HP CF214A (14A),
HP CF214X (14X),
HP CF218A (18A),
HP CF218A (18A) б/чипа,
HP CF218X (18X),
HP CF218XL (18XL),
HP CF219A (19A),
HP CF226A (26A),
HP CF226X (26X),
HP CF230A (№30A),
HP CF230X (№30X),
HP CF230XL (№30XL),
HP CF232A (№32A),
HP CF233A (№ 33),
HP CF234A (№34A),
HP CF237A (№37A),
HP CF237X (№37X),
HP CF244A (№44A),
HP CF259A (59A),
HP CF259X (59X) БЕЗ ЧИПА,
HP CF259X (59X) С ЧИПОМ,
HP CF280A,
HP CF280A ОГ,
HP CF280X,
HP CF281A,
HP CF281A (ОГ),
HP CF281X,
HP CF283A (№ 83),
HP CF283A (№ 83) ОГ,
HP CF283X (№ 83),
HP CF287A,
HP CF287X,
HP CF325X (25X),
HP CF330X (654X),
HP CF331A (654A),
HP CF332A (654A),
HP CF333A (654A),
HP CF341A (126A),
HP CF350A (№130A),
HP CF351A (№ 130A),
HP CF352A (№ 130A),
HP CF353A (№ 130A),
HP CF360A (508A),
HP CF360X (508X),
HP CF361A (508A),
HP CF361X (508X),
HP CF362A (508A),
HP CF362X (508X),
HP CF363A (508A),
HP CF363X (508X),
HP CF380A (312A),
HP CF380X (312X),
HP CF381A (312A),
HP CF382A (312A),
HP CF383A (312A),
HP CF400A (201A),
HP CF400X (201X),
HP CF401A (201A),
HP CF401X (201X),
HP CF402A (201A),
HP CF402X (201X),
HP CF403A (201A),
HP CF403X (201X),
HP CF410A (№ 410A),
HP CF410X (№ 410X),
HP CF411A (№ 410A),
HP CF411X (№ 410X),
HP CF412A (№ 410A),
HP CF412X (№ 410X),
HP CF413A (№ 410A),
HP CF413X (№ 410X),
HP CF530A (205A),
HP CF531A (205A),
HP CF532A (205A),
HP CF533A (205A),
HP CF540A (№203A),
HP CF540X (№203X),
HP CF541A (№203A),
HP CF541X (№203X),
HP CF542A (№203A),
HP CF542X (№203X),
HP CF543A (№203A),
HP CF543X (№203X),
HP CZ192A,
HP Q1338A,
HP Q1339A,
HP Q2610A,
HP Q2610A ОГ,
HP Q2612A,
HP Q2612A ОГ,
HP Q2612AF,
HP Q2612X,
HP Q2613A,
HP Q2613A ОГ,
HP Q2613X,
HP Q2613X ОГ,
HP Q2624A,
HP Q2624A ОГ,
HP Q2670А,
HP Q2671А,
HP Q2672А,
HP Q2673А,
HP Q3960A,
HP Q3961A,
HP Q3962A,
HP Q3963A,
HP Q3971А,
HP Q3972А,
HP Q3973A,
HP Q5942A,
HP Q5942X,
HP Q5942XD,
HP Q5945A,
HP Q5949A,
HP Q5949X,
HP Q5949X ОГ,
HP Q5950A,
HP Q5951A,
HP Q5952A,
HP Q5953A,
HP Q6000A,
HP Q6001A,
HP Q6002A,
HP Q6003A,
HP Q6470A,
HP Q6470A ОГ,
HP Q6471A,
HP Q6471A ОГ,
HP Q6472A,
HP Q6472A ОГ,
HP Q6473A,
HP Q6473A ОГ,
HP Q6511A,
HP Q6511A ОГ,
HP Q6511X,
HP Q6511X ОГ,
HP Q7516A,
HP Q7551A,
HP Q7551X,
HP Q7553A,
HP Q7553A ОГ,
HP Q7553X,
HP Q7553X (ОГ),
HP Q7560А,
HP Q7561А,
HP Q7562А,
HP Q7563А,
HP Q7570A,
HP Q7581A,
HP Q7582A,
HP Q7583A,
HP W1103A (103A),
HP W1106A (106A) БЕЗ ЧИПА,
HP W1106A (106A) С ЧИПОМ,
HP W1360A,
HP W1360X,
HP W1500A (150A) БЕЗ ЧИПА,
HP W1500A (150A) С ЧИПОМ,
HP W2030A (№415A black),
HP W2030X (№415X black),
HP W2031A (№415A cyan),
HP W2031X (№415X cyan),
HP W2032A (№415A yellow),
HP W2032X (№415X yellow),
HP W2033A (№415A magenta),
HP W2033X (№415X magenta),
HP W2070A (№117A),
HP W2071A (№117A),
HP W2072A (№117A),
HP W2073A (№117A),
HP W2210X (№207X),
HP W2211X (№207X),
HP W2212X (№207X),
HP W2213X (№207X),
Canon 041H,
Canon 055H Bk БЕЗ ЧИПА,
Canon 055H C БЕЗ ЧИПА,
Canon 055H M БЕЗ ЧИПА,
Canon 055H Y БЕЗ ЧИПА,
Canon 057H BK БЕЗ ЧИПА,
Canon 729 Bk,
Canon 729 C,
Canon 729 M,
Canon 729 Y,
Canon 731 Bk,
Canon 731 C,
Canon 731 M,
Canon 731 Y,
Canon 731H Bk,
Canon C-EXV 18,
Canon C-EXV 18 DRUM,
Canon C-EXV-11/12 Drum Unit,
Canon C-EXV-3/GRP-6/NPG-18,
Canon C-EXV-40,
Canon C-EXV-5 (DRUM),
Canon C-EXV-6/NPG15 DRUM,
Canon C-EXV11,
Canon C-EXV12,
Canon C-EXV14,
Canon C-EXV14 DRUM UNIT,
Canon C-EXV21 (black),
Canon C-EXV21 (cyan),
Canon C-EXV21 (magenta),
Canon C-EXV21 (yellow),
Canon C-EXV21/GPR-23 (Magenta) Drum,
Canon C-EXV21/GPR-23 (Yellow) Drum,
Canon C-EXV33,
Canon C-EXV5,
Canon C-EXV6,
Canon C-EXV7,
Canon C054HBk,
Canon C054HC,
Canon C054HM,
Canon C054HY,
Canon Cartridge 045Bk,
Canon Cartridge 045C,
Canon Cartridge 045HBk,
Canon Cartridge 045HC,
Canon Cartridge 045HM,
Canon Cartridge 045HY,
Canon Cartridge 045M,
Canon Cartridge 045Y,
Canon Cartridge 046 Bk,
Canon Cartridge 046 C,
Canon Cartridge 046 M,
Canon Cartridge 046 Y,
Canon Cartridge 046H Bk,
Canon Cartridge 046H C,
Canon Cartridge 046H M,
Canon Cartridge 046H Y,
Canon Cartridge 052,
Canon Cartridge 052H,
Canon Cartridge 509,
Canon Cartridge 701 Black,
Canon Cartridge 701 Cyan,
Canon Cartridge 701 Magenta,
Canon Cartridge 701 Yellow,
Canon Cartridge 703,
Canon Cartridge 706,
Canon Cartridge 707 Bk,
Canon Cartridge 707 C,
Canon Cartridge 707 M,
Canon Cartridge 707 Y,
Canon Cartridge 708,
Canon Cartridge 708H,
Canon Cartridge 710,
Canon Cartridge 710H,
Canon Cartridge 711 Black,
Canon Cartridge 711 Cyan,
Canon Cartridge 711 Magenta,
Canon Cartridge 711 Yellow,
Canon Cartridge 712,
Canon Cartridge 713,
Canon Cartridge 715,
Canon Cartridge 715H,
Canon Cartridge 716 Black,
Canon Cartridge 716 Cyan,
Canon Cartridge 716 Magenta,
Canon Cartridge 716 Yellow,
Canon Cartridge 718 Black,
Canon Cartridge 718 Cyan,
Canon Cartridge 718 Magenta,
Canon Cartridge 718 Yellow,
Canon Cartridge 719,
Canon Cartridge 719H,
Canon Cartridge 724,
Canon Cartridge 724H,
Canon Cartridge 725,
Canon Cartridge 728,
Canon Cartridge 737,
Canon Cartridge M,
Canon Cartridge T,
Canon Drum Cartridge 029,
Canon E16,
Canon E30,
Canon EP-22,
Canon EP-25,
Canon EP-27,
Canon EP-27X,
Canon EP-A,
Canon FX-3,
Canon FX10,
Canon NPG-1,
Canon NPG-11,
Canon NPG-11 DRUM,
Canon NPG-3,
Canon NPG-7,
Kyocera DK-1150,
Kyocera DK-3170 (302T993060/302T993061),
Kyocera TK 17,
Kyocera TK 18,
Kyocera TK 590C,
Kyocera TK 590K,
Kyocera TK 590M,
Kyocera TK 590Y,
Kyocera TK-110,
Kyocera TK-1100,
Kyocera TK-1110,
Kyocera TK-1120,
Kyocera TK-1130,
Kyocera TK-1140,
Kyocera TK-1150,
Kyocera TK-1160,
Kyocera TK-1170,
Kyocera TK-1200,
Kyocera TK-130,
Kyocera TK-140,
Kyocera TK-160,
Kyocera TK-170,
Kyocera TK-20H,
Kyocera TK-3060,
Kyocera TK-310,
Kyocera TK-3100,
Kyocera TK-3110,
Kyocera TK-3130,
Kyocera TK-3150,
Kyocera TK-3160,
Kyocera TK-3170,
Kyocera TK-3190,
Kyocera TK-350,
Kyocera TK-360,
Kyocera TK-410,
Kyocera TK-435,
Kyocera TK-475,
Kyocera TK-5220 C,
Kyocera TK-5220 K,
Kyocera TK-5220 M,
Kyocera TK-5220 Y,
Kyocera TK-5230 C,
Kyocera TK-5230 K,
Kyocera TK-5230 M,
Kyocera TK-5230 Y,
Kyocera TK-5240 C,
Kyocera TK-5240 K,
Kyocera TK-5240 M,
Kyocera TK-5240 Y,
Kyocera TK-55,
Kyocera TK-6115,
Xerox 006R01020 (5915/5918),
Xerox 006R01044 (2 тубы),
Xerox 006R01046,
Xerox 006R01160,
Xerox 006R01179,
Xerox 006R01182,
Xerox 006R01276,
Xerox 006R01278,
Xerox 006R01399,
Xerox 006R01400,
Xerox 006R01401,
Xerox 006R01402,
Xerox 006R01573,
Xerox 006R01731,
Xerox 013R00559 /013R90144,
Xerox 013R00589 DRUM,
Xerox 013R00591,
Xerox 013R00606,
Xerox 013R00607,
Xerox 013R00621,
Xerox 013R00623 DRUM,
Xerox 013R00625,
Xerox 013R00647,
Xerox 013R00670,
Xerox 101R00432 DRUM,
Xerox 101R00434,
Xerox 101R00435,
Xerox 101R00474,
Xerox 101R00555,
Xerox 101R00664 DRUM,
Xerox 106R00462,
Xerox 106R00462 ОГ,
Xerox 106R00586,
Xerox 106R00646,
Xerox 106R00676,
Xerox 106R00677,
Xerox 106R00678,
Xerox 106R00679,
Xerox 106R01034,
Xerox 106R01048,
Xerox 106R01149,
Xerox 106R01159,
Xerox 106R01159 (ОГ),
Xerox 106R01160,
Xerox 106R01203,
Xerox 106R01204,
Xerox 106R01205,
Xerox 106R01206,
Xerox 106R01245,
Xerox 106R01246,
Xerox 106R01277 (2шт/уп),
Xerox 106R01282,
Xerox 106R01283,
Xerox 106R01284,
Xerox 106R01285,
Xerox 106R01305,
Xerox 106R01370,
Xerox 106R01371,
Xerox 106R01372,
Xerox 106R01372 ОГ,
Xerox 106R01373,
Xerox 106R01374,
Xerox 106R01378,
Xerox 106R01379,
Xerox 106R01411,
Xerox 106R01412,
Xerox 106R01413,
Xerox 106R01414,
Xerox 106R01415,
Xerox 106R01463,
Xerox 106R01464,
Xerox 106R01465,
Xerox 106R01473,
Xerox 106R01474,
Xerox 106R01475,
Xerox 106R01476,
Xerox 106R01485,
Xerox 106R01487,
Xerox 106R01487 (ОГ),
Xerox 106R01529,
Xerox 106R01531/106R01530,
Xerox 106R01601,
Xerox 106R01602,
Xerox 106R01603,
Xerox 106R01604,
Xerox 106R01631,
Xerox 106R01632,
Xerox 106R01633,
Xerox 106R01634,
Xerox 106R02181,
Xerox 106R02183,
Xerox 106R02306,
Xerox 106R02310,
Xerox 106R02312,
Xerox 106R02773,
Xerox 106R02778,
Xerox 106R02782,
Xerox 106R03623,
Xerox 106R04348 БЕЗ ЧИПА,
Xerox 106R04348 С ЧИПОМ,
Xerox 108R00794,
Xerox 108R00796,
Xerox 108R00908,
Xerox 108R00909,
Xerox 108R00982,
Xerox 109R00639,
Xerox 109R00725,
Xerox 109R00725 ОГ,
Xerox 109R00746,
Xerox 109R00747,
Xerox 109R00747  ОГ,
Xerox 109R00748,
Xerox 113R00195,
Xerox 113R00296 (603P06174),
Xerox 113R00443,
Xerox 113R00495,
Xerox 113R00663 DRUM,
Xerox 113R00667,
Xerox 113R00671,
Xerox 113R00722,
Xerox 113R00723,
Xerox 113R00724,
Xerox 113R00725,
Xerox 113R00726,
Xerox 113R00730,
Xerox 113R00735,
Xerox 673S50212 DRUM,
Xerox 6R916/6R917,
Panasonic KX-FA136A,
Panasonic KX-FA52A7,
Panasonic KX-FA54A,
Panasonic KX-FA55A,
Panasonic KX-FA57A,
Panasonic KX-FA76A,
Panasonic KX-FA78A,
Panasonic KX-FA83A,
Panasonic KX-FA84A,
Panasonic KX-FA85A,
Panasonic KX-FA86A,
Panasonic KX-FAD412A,
Panasonic KX-FAD473A,
Panasonic KX-FAD89A,
Panasonic KX-FAD93A,
Panasonic KX-FAT400A,
Panasonic KX-FAT410A,
Panasonic KX-FAT411A,
Panasonic KX-FAT472A,
Panasonic KX-FAT88A,
Panasonic KX-FAT92A,
Panasonic TTRP55(Fullmark),
Panasonic UG-3220,
Panasonic UG-3221,
Panasonic UG-3222,
Panasonic UG-3350,
Brother DR-1075,
Brother DR-1095,
Brother DR-2075,
Brother DR-2080,
Brother DR-2085,
Brother DR-2175,
Brother DR-2275,
Brother DR-2335,
Brother DR-3100,
Brother DR-3200,
Brother DR-320CL,
Brother DR-3300,
Brother DR-3400,
Brother TN-1075,
Brother TN-1095,
Brother TN-2075,
Brother TN-2075 тех/упаковка,
Brother TN-2080,
Brother TN-2085,
Brother TN-2090,
Brother TN-2175,
Brother TN-2235,
Brother TN-2275,
Brother TN-2335,
Brother TN-2375,
Brother TN-241BK,
Brother TN-241C,
Brother TN-241M,
Brother TN-241Y,
Brother TN-245BK,
Brother TN-245C,
Brother TN-245M,
Brother TN-245Y,
Brother TN-3060,
Brother TN-3130,
Brother TN-3170,
Brother TN-320C,
Brother TN-320M,
Brother TN-320Y,
Brother TN-325BK,
Brother TN-3280,
Brother TN-3380,
Brother TN-3480,
Brother TN-3512,
Brother TN-6600,
Brother РС-302RF,
Samsung CLP-500D5C,
Samsung CLP-500D5M,
Samsung CLP-500D5Y,
Samsung CLP-510D3K,
Samsung CLP-510D5M,
Samsung CLP-510D5Y,
Samsung CLP-510D5С,
Samsung CLP-C300A,
Samsung CLP-K300A,
Samsung CLP-M300A,
Samsung CLP-P300C,
Samsung CLP-Y300A,
Samsung CLT-407 (двойной),
Samsung CLT-407 MuiltiPack,
Samsung CLT-409 Multipack,
Samsung CLT-C404S,
Samsung CLT-C406,
Samsung CLT-C407S,
Samsung CLT-C409,
Samsung CLT-C504S/SEE,
Samsung CLT-K404S,
Samsung CLT-K406,
Samsung CLT-K407S,
Samsung CLT-K409,
Samsung CLT-K504S/SEE,
Samsung CLT-M404S,
Samsung CLT-M406,
Samsung CLT-M407S,
Samsung CLT-M409,
Samsung CLT-M504S/SEE,
Samsung CLT-Y404S,
Samsung CLT-Y406,
Samsung CLT-Y407S,
Samsung CLT-Y409,
Samsung CLT-Y504S/SEE,
Samsung ML-1210D3,
Samsung ML-1520D3,
Samsung ML-1610D2,
Samsung ML-1610D2 (ОГ),
Samsung ML-1710D3,
Samsung ML-1710D3 ОГ,
Samsung ML-2010D3,
Samsung ML-6060D6,
Samsung ML-D1630A,
Samsung ML-D2850B,
Samsung ML-D2850B (ОГ),
Samsung ML-D2850А,
Samsung ML-D3050A,
Samsung ML-D3050B,
Samsung ML-D3470В,
Samsung MLT-D101S,
Samsung MLT-D103L,
Samsung MLT-D103S,
Samsung MLT-D104S/SEE,
Samsung MLT-D104X,
Samsung MLT-D105L,
Samsung MLT-D105S,
Samsung MLT-D106S,
Samsung MLT-D108S,
Samsung MLT-D109S,
Samsung MLT-D111L/SEE,
Samsung MLT-D111S/SEE,
Samsung MLT-D115L,
Samsung MLT-D117S,
Samsung MLT-D119S,
Samsung MLT-D203E,
Samsung MLT-D203L,
Samsung MLT-D203S,
Samsung MLT-D203U,
Samsung MLT-D205E,
Samsung MLT-D205L,
Samsung MLT-D205S,
Samsung MLT-D209L,
Samsung MLT-D209L (ОГ),
Samsung MLT-D209S,
Samsung MLT-D305L,
Samsung MLT-D305L ОГ,
Samsung SCX-4100D3,
Samsung SCX-4216D3,
Samsung SCX-4521D3,
Samsung SCX-D4200A,
Samsung SCX-D4200A (ОГ),
Samsung SCX-D4725A,
Samsung SCX-D5530A,
Samsung SCX-D5530B,
Samsung SV154A,
Samsung Чип ML-2850,
Samsung Чип MLT-D205E,
Konica Pagepro 4650EN,
Lexmark 0012A6760,
Lexmark 12016SE (E120),
Lexmark 12A7460,
Lexmark 24016SE (12А8400),
Lexmark 64016SE,
Ricoh 1250D,
Ricoh SP 150НE,
Ricoh SP 200HS,
Ricoh SP 311UXE,
Ricoh SP C250E Bl,
Ricoh SP C250E C,
Ricoh SP C250E M,
Ricoh SP C250E Y,
Ricoh Type 1220D,
Ricoh Type 1230D,
Ricoh Type 1255D,
Ricoh Type 1270D,
Ricoh Type 1305,
Ricoh Type 2200,
Ricoh Type 2210D,
Ricoh Type 3205D,
Epson C13S050166,
Epson C13S051099,
Epson S050097,
Epson S050098,
Epson S050099,
Epson S050100,
Epson S050167,
Epson S050435,
Epson S050582,
Epson S051083 Drum,
Sharp AR-016T,
Sharp AR-020T,
Sharp AR-168T,
Sharp AR-202LT,
Sharp AR-208T,
Sharp AR-270T,
Sharp MXB20GT1,
Sharp UX-6CR,
Sharp ZT-81 TD1,
Pantum DL-420 Drum,
Pantum DL-5120 Drum,
Pantum PC-211EV,
Pantum TL-420X Toner,
Pantum TL-5120H Toner,
Картриджи для струйных принтеров,
HP 51625A (№ 25),
HP 51626A (№ 26),
HP 51640A (№ 40),
HP 51645A (№ 45),
HP C1823D (№ 23),
HP C2N93AE (№ 940 XL) набор,
HP C2P10AE (№651),
HP C2P11AE (№651),
HP C2P20AE (№935),
HP C2P21AE (№935),
HP C2P22AE (№935),
HP C2P23AE (№934XL),
HP C2P24AE (№935XL),
HP C2P25AE (№935XL),
HP C2P26AE (№935XL),
HP C2P42AE (№ 932XL/№ 933XL) набор,
HP C2P43AE (№ 950XL/951XL),
HP C4810A (№ 11),
HP C4811A (№ 11),
HP C4812A (№ 11),
HP C4813A (№ 11),
HP C4836AE,
HP C4837AE,
HP C4838AE,
HP C4841AE (№ 10),
HP C4842AE (№ 10),
HP C4843AE (№ 10),
HP C4844AE (№ 10),
HP C4900A (№ 940),
HP C4901A (№ 940),
HP C4902A (№ 940),
HP C4906AE (№ 940 XL),
HP C4907AE (№ 940 XL),
HP C4908AE (№ 940 XL),
HP C4909AE (№ 940 XL),
HP C4911A (№ 82),
HP C4912A (№ 82),
HP C4913A (№ 82),
HP C4943A (№ 83),
HP C5016A (№ 84/85),
HP C6578AE (№ 78),
HP C6578DE (№ 78),
HP C6614DE (№ 20),
HP C6615DE (№ 15),
HP C6625A (№ 17),
HP C6656AE (№ 56),
HP C6657AE (№ 57),
HP C6658AE (№ 58),
HP C8719HE (№ 177 XL),
HP C8721HE (№ 177),
HP C8727AE (№ 27),
HP C8727BE,
HP C8728AE (№ 28),
HP C8765HE (№ 131),
HP C8766HE (№ 135),
HP C8767HE (№ 130),
HP C8771HE (№ 177),
HP C8772HE (№ 177),
HP C8773HE (№ 177),
HP C8774HE (№ 177),
HP C8775HE(№ 177),
HP C9351AE (№ 21),
HP C9351CE (№ 21 XL),
HP C9351CE (№ 21 XL) ОГ,
HP C9352AE (№ 22),
HP C9352CE (№ 22 XL),
HP C9359A (№ 59),
HP C9361HE (№ 136),
HP C9362HE (№ 132),
HP C9363HE (№ 134),
HP C9364HE (№ 129),
HP C9365A( № 101),
HP C9369HE (№ 138),
HP C9370A (№ 72),
HP C9385AE (№ 88),
HP C9386AE (№ 88),
HP C9387AE (№ 88),
HP C9388AE (№ 88),
HP C9391AE(№ 88 XL),
HP C9392AE(№ 88 XL),
HP C9393AE (№ 88 XL),
HP C9396AE (№ 88 XL),
HP C9425A (№ 85),
HP C9426A (№ 85),
HP C9427A (№ 85),
HP C9428A (№ 85),
HP C9429A (№ 85),
HP C9502AE (№ 56) 2 pack,
HP C9504AE (№ 130) 2 pack,
HP C9505HE (№ 134),
HP CB316HE (№ 178),
HP CB317HE (№ 178) Photo,
HP CB318HE (№ 178),
HP CB319HE (№ 178),
HP CB320HE (№ 178),
HP CB322HE (№ 178 XL) Photo,
HP CB323HE (№ 178 XL),
HP CB324HE (№ 178 XL),
HP CB325HE (№ 178 XL),
HP CB331HE (№ 131) 2 pack,
HP CB332HE (№ 135) 2 Pack,
HP CB334AE (№ 54),
HP CB335HE (№ 140),
HP CB336HE (№ 140 XL),
HP CB337HE (№ 141),
HP CB338HE (№ 141 XL),
HP CC640HE (№ 121),
HP CC641HE (№ 121 XL),
HP CC643HE (№ 121),
HP CC644HE (№ 121 XL),
HP CC653AE (№ 901),
HP CC654AE (№ 901 XL),
HP CC656AE (№ 901),
HP CD971AE (№ 920),
HP CD972AE (№ 920 XL),
HP CD973AE (№ 920 XL),
HP CD974AE (№ 920 XL),
HP CD975AE (№ 920 XL),
HP CH561HE (№122),
HP CH561HE + CH562HE (№ 122+№ 122),
HP CH562HE (№122),
HP CH563HE (№ 122XL),
HP CH564HE (№ 122XL),
HP CH565A (№ 82),
HP CH566A (№ 82),
HP CH567A (№ 82),
HP CH568A (№ 82) 28ml,
HP CN045A (№ 950 XL),
HP CN046A (№ 951 XL),
HP CN047A (№ 951 XL),
HP CN048A (№ 951 XL),
HP CN049A (№ 950),
HP CN053AE (№ 932 XL),
HP CN053AE (№ 932 XL) ОГ,
HP CN054AE (№ 933 XL),
HP CN054AE (№ 933 XL) ОГ,
HP CN055AE (№ 933 XL),
HP CN055AE (№ 933 XL) ОГ,
HP CN056AE (№ 933 XL),
HP CN056AE (№ 933 XL) ОГ,
HP CN637HE (№ 121),
HP CN643A Печатающая головка,
HP CN684HE (№ 178 XL),
HP CZ101AE (№ 650),
HP CZ102AE (№ 650),
HP CZ109AE (№ 655),
HP CZ110AE (№ 655),
HP CZ111AE (№ 655),
HP CZ112AE (№ 655),
HP CZ130A (№ 711),
HP CZ131A (№ 711),
HP CZ132A (№ 711),
HP CZ133A (№ 711XL),
HP CZ637A(2шт)+CZ638A №46 F6T40AE,
HP CZ637AE (№46),
HP CZ638AE (№ 46),
HP F6U12AE №953,
HP F6U13AE №953,
HP F6U14AE №953,
HP F6U16AE №953XL,
HP F6U17AE №953XL,
HP F6U18AE №953XL,
HP F6V16AE (№123),
HP F6V17AE (№123),
HP F6V18AE (№123XL),
HP F6V19AE (№123XL),
HP F6V24AE (652),
HP F6V25AE (652),
HP L0S58AE №953,
HP L0S70AE №953XL,
HP T6L87AE (№903),
HP T6L91AE (№903),
HP T6L95AE (№903),
HP T6L99AE (№903),
HP T6M15AE (№903XL),
HP Картриджи №177 + фотобумага,
Canon 8283B004 (PG-445+CL-446),
Canon BCI-11,
Canon BCI-15 (twin pack),
Canon BCI-15 Black (twin pack),
Canon BCI-21,
Canon BCI-3eBk,
Canon BCI-3eC/M/Y (Multipack),
Canon BCI-6BK,
Canon BCI-6C,
Canon BCI-6M,
Canon BCI-6Y,
Canon BX-20/BC 20 MultiPass,
Canon BX-3,
Canon CL-38,
Canon CL-41,
Canon CL-441XL,
Canon CL-446XL,
Canon CL-51,
Canon CL-511,
Canon CL-511+фотобумага,
Canon CL-513,
Canon CL-52,
Canon CLI-36,
Canon CLI-36+фотобумага,
Canon CLI-426 C/M/Y,
Canon CLI-426Bk,
Canon CLI-426C,
Canon CLI-426GY,
Canon CLI-426M,
Canon CLI-426Y,
Canon CLI-451 C/M/Y/BK,
Canon CLI-451BK,
Canon CLI-451GY,
Canon CLI-451XLBK,
Canon CLI-451XLC,
Canon CLI-451XLM,
Canon CLI-451XLY,
Canon CLI-451Y,
Canon CLI-451М,
Canon CLI-451С,
Canon CLI-521 C/M/Y,
Canon CLI-521Bk,
Canon CLI-521C,
Canon CLI-521Gy,
Canon CLI-521M,
Canon CLI-521Y,
Canon CLI-8 C/M/Y  Multipack,
Canon CLI-8Bk,
Canon CLI-8C,
Canon CLI-8M,
Canon CLI-8Y,
Canon KP-108IP IN (3115B001),
Canon PG-37,
Canon PG-40,
Canon PG-40+CL-41,
Canon PG-440/CL-441 MULTIPACK,
Canon PG-440XL,
Canon PG-445XL,
Canon PG-50,
Canon PG-510,
Canon PG-510+CL-511,
Canon PG-512,
Canon PG-520Bk,
Canon PGI-35,
Canon PGI-425PGBk,
Canon PGI-425PGBk (2 шт/уп),
Canon PGI-450 PGBK,
Canon PGI-450XL PGBK,
Canon PGI-5Bk,
Canon PGI-5BK 2 шт/уп. (0628B025),
Brother LC1000BK,
Brother LC1000C,
Brother LC1000M,
Brother LC1000Y,
Brother LC1100BK,
Brother LC1100C,
Brother LC1100HYBK,
Brother LC1100HYC,
Brother LC1100HYM,
Brother LC1100HYY,
Brother LC1100M,
Brother LC1100Y,
Brother LC1240BK,
Brother LC1240C,
Brother LC1240M,
Brother LC1240Y,
Brother LC1280XLBK,
Brother LC1280XLC,
Brother LC1280XLM,
Brother LC1280XLY,
Brother LC900BK,
Brother LC900C,
Brother LC900M,
Brother LC900Y,
Brother LC980BK,
Brother LC980C,
Brother LC980M,
Brother LC980Y,
Brother LC985BK,
Brother LC985C,
Brother LC985M,
Brother LC985Y,
Samsung INK-M40,
Samsung INK-M41,
Lexmark 10N0016(№ 16),
Lexmark 10N0026(№ 26),
Lexmark 10N0217 (№ 17),
Lexmark 80D2126 (№16+№26),
Lexmark 80D2952(№17+№27),
Epson 26XL (T26214010),
Epson 26XL (T26314010) photo,
Epson 26XL (T26324010),
Epson 26XL (T26334010),
Epson 26XL (T26344010),
Epson 26XL (T26364010),
Epson C13T16314010,
Epson C13T16364010,
Epson T007 Twin pack,
Epson T008401,
Epson T009,
Epson T009 Twin Pack,
Epson T038,
Epson T039,
Epson T04414010 (комплект),
Epson T0461,
Epson T04624 Multi Pack,
Epson T0481,
Epson T0482,
Epson T0483,
Epson T0484,
Epson T0485,
Epson T0486,
Epson T0487,
Epson T048B40,
Epson T051142 (108+189)ч,
Epson T052040(089+191) цв,
Epson T054040,
Epson T054140 (Photo),
Epson T054240,
Epson T054340,
Epson T054440,
Epson T054740,
Epson T054840,
Epson T054940,
Epson T055140,
Epson T055640A0,
Epson T059140,
Epson T059240,
Epson T059340,
Epson T059440,
Epson T059540,
Epson T059640,
Epson T059740,
Epson T059840,
Epson T059940,
Epson T06314A,
Epson T06324A,
Epson T06334A,
Epson T06344A,
Epson T06354A MultiPack,
Epson T066,
Epson T067,
Epson T0731,
Epson T0731H Twin,
Epson T07324A,
Epson T07334A,
Epson T07344A,
Epson T0735,
Epson T079A4A10,
Epson T08014011,
Epson T08024011,
Epson T08034011,
Epson T08044011,
Epson T08054011,
Epson T08064011,
Epson T08114A,
Epson T08124A,
Epson T08134A,
Epson T08144A,
Epson T08154A,
Epson T08164A,
Epson T0817,
Epson T09214A10,
Epson T09254A10,
Epson T10314A10,
Epson T1032,
Epson T1033,
Epson T1034,
Epson T12814010 S22/SX125,
Epson T12824010 S22/SX125,
Epson T12834010 S22/SX125,
Epson T12844010 S22/SX125,
Epson T12854010 S22/SX125,
Epson T12914010,
Epson T1295,
Epson T13014010,
Epson T13024010,
Epson T13034010,
Epson T13044010,
Epson T1701,
Epson T1702,
Epson T1703,
Epson T1704,
Epson T17064,
Epson T1711,
Epson T1712,
Epson T1713,
Epson T1714,
Epson T17164,
Epson T66414A,
Epson T66424A,
Epson T66434A,
Epson T66444A,
Epson Т5597 MultiPack,
